{"products":[{"id":"0.2515733083868803","quantity":1}],"totalPrice":15.989999999999998}